{
  "hash": "ae3fd7fa",
  "configHash": "fba8be44",
  "lockfileHash": "79b1cb36",
  "browserHash": "3230b366",
  "optimized": {
    "@angular/cdk/bidi": {
      "src": "../../../../../../node_modules/@angular/cdk/fesm2022/bidi.mjs",
      "file": "@angular_cdk_bidi.js",
      "fileHash": "ecb04e62",
      "needsInterop": false
    },
    "@angular/cdk/scrolling": {
      "src": "../../../../../../node_modules/@angular/cdk/fesm2022/scrolling.mjs",
      "file": "@angular_cdk_scrolling.js",
      "fileHash": "4ffd970e",
      "needsInterop": false
    },
    "@angular/cdk/text-field": {
      "src": "../../../../../../node_modules/@angular/cdk/fesm2022/text-field.mjs",
      "file": "@angular_cdk_text-field.js",
      "fileHash": "a023bc9d",
      "needsInterop": false
    },
    "@angular/common": {
      "src": "../../../../../../node_modules/@angular/common/fesm2022/common.mjs",
      "file": "@angular_common.js",
      "fileHash": "1a80dc98",
      "needsInterop": false
    },
    "@angular/common/http": {
      "src": "../../../../../../node_modules/@angular/common/fesm2022/http.mjs",
      "file": "@angular_common_http.js",
      "fileHash": "52513a42",
      "needsInterop": false
    },
    "@angular/common/locales/pt": {
      "src": "../../../../../../node_modules/@angular/common/locales/pt.js",
      "file": "@angular_common_locales_pt.js",
      "fileHash": "4eb612f1",
      "needsInterop": false
    },
    "@angular/core": {
      "src": "../../../../../../node_modules/@angular/core/fesm2022/core.mjs",
      "file": "@angular_core.js",
      "fileHash": "73b00f5e",
      "needsInterop": false
    },
    "@angular/forms": {
      "src": "../../../../../../node_modules/@angular/forms/fesm2022/forms.mjs",
      "file": "@angular_forms.js",
      "fileHash": "05b97924",
      "needsInterop": false
    },
    "@angular/material/core": {
      "src": "../../../../../../node_modules/@angular/material/fesm2022/core.mjs",
      "file": "@angular_material_core.js",
      "fileHash": "9a746dce",
      "needsInterop": false
    },
    "@angular/material/datepicker": {
      "src": "../../../../../../node_modules/@angular/material/fesm2022/datepicker.mjs",
      "file": "@angular_material_datepicker.js",
      "fileHash": "0133522c",
      "needsInterop": false
    },
    "@angular/material/dialog": {
      "src": "../../../../../../node_modules/@angular/material/fesm2022/dialog.mjs",
      "file": "@angular_material_dialog.js",
      "fileHash": "58724329",
      "needsInterop": false
    },
    "@angular/material/form-field": {
      "src": "../../../../../../node_modules/@angular/material/fesm2022/form-field.mjs",
      "file": "@angular_material_form-field.js",
      "fileHash": "edcb9b95",
      "needsInterop": false
    },
    "@angular/material/icon": {
      "src": "../../../../../../node_modules/@angular/material/fesm2022/icon.mjs",
      "file": "@angular_material_icon.js",
      "fileHash": "fee613ea",
      "needsInterop": false
    },
    "@angular/material/input": {
      "src": "../../../../../../node_modules/@angular/material/fesm2022/input.mjs",
      "file": "@angular_material_input.js",
      "fileHash": "aa2bf339",
      "needsInterop": false
    },
    "@angular/material/tooltip": {
      "src": "../../../../../../node_modules/@angular/material/fesm2022/tooltip.mjs",
      "file": "@angular_material_tooltip.js",
      "fileHash": "374c2271",
      "needsInterop": false
    },
    "@angular/platform-browser": {
      "src": "../../../../../../node_modules/@angular/platform-browser/fesm2022/platform-browser.mjs",
      "file": "@angular_platform-browser.js",
      "fileHash": "bbaaae48",
      "needsInterop": false
    },
    "@angular/platform-browser/animations": {
      "src": "../../../../../../node_modules/@angular/platform-browser/fesm2022/animations.mjs",
      "file": "@angular_platform-browser_animations.js",
      "fileHash": "740004d4",
      "needsInterop": false
    },
    "@angular/router": {
      "src": "../../../../../../node_modules/@angular/router/fesm2022/router.mjs",
      "file": "@angular_router.js",
      "fileHash": "9673fdbf",
      "needsInterop": false
    },
    "@ng-bootstrap/ng-bootstrap": {
      "src": "../../../../../../node_modules/@ng-bootstrap/ng-bootstrap/fesm2022/ng-bootstrap.mjs",
      "file": "@ng-bootstrap_ng-bootstrap.js",
      "fileHash": "11d8a5dc",
      "needsInterop": false
    },
    "ngx-mask": {
      "src": "../../../../../../node_modules/ngx-mask/fesm2022/ngx-mask.mjs",
      "file": "ngx-mask.js",
      "fileHash": "06e2085e",
      "needsInterop": false
    },
    "ngx-toastr": {
      "src": "../../../../../../node_modules/ngx-toastr/fesm2022/ngx-toastr.mjs",
      "file": "ngx-toastr.js",
      "fileHash": "21d212b0",
      "needsInterop": false
    },
    "rxjs": {
      "src": "../../../../../../node_modules/rxjs/dist/esm5/index.js",
      "file": "rxjs.js",
      "fileHash": "b8c7d5e3",
      "needsInterop": false
    },
    "zone.js": {
      "src": "../../../../../../node_modules/zone.js/fesm2015/zone.js",
      "file": "zone__js.js",
      "fileHash": "0084d6b7",
      "needsInterop": true
    }
  },
  "chunks": {
    "chunk-OWSV4R5Q": {
      "file": "chunk-OWSV4R5Q.js"
    },
    "chunk-CDCAJBSJ": {
      "file": "chunk-CDCAJBSJ.js"
    },
    "chunk-NT5F5NMP": {
      "file": "chunk-NT5F5NMP.js"
    },
    "chunk-AKJATABS": {
      "file": "chunk-AKJATABS.js"
    },
    "chunk-EDYXODDB": {
      "file": "chunk-EDYXODDB.js"
    },
    "chunk-DRDD3QKE": {
      "file": "chunk-DRDD3QKE.js"
    },
    "chunk-BA6SHQ4S": {
      "file": "chunk-BA6SHQ4S.js"
    },
    "chunk-JVFANQIM": {
      "file": "chunk-JVFANQIM.js"
    },
    "chunk-SP6DM262": {
      "file": "chunk-SP6DM262.js"
    },
    "chunk-7BUDM4EP": {
      "file": "chunk-7BUDM4EP.js"
    },
    "chunk-WOUYB4CR": {
      "file": "chunk-WOUYB4CR.js"
    },
    "chunk-VHVVTBCW": {
      "file": "chunk-VHVVTBCW.js"
    },
    "chunk-QR2SDF4B": {
      "file": "chunk-QR2SDF4B.js"
    },
    "chunk-O37TFIV3": {
      "file": "chunk-O37TFIV3.js"
    },
    "chunk-43G5KISB": {
      "file": "chunk-43G5KISB.js"
    },
    "chunk-EOFW2REK": {
      "file": "chunk-EOFW2REK.js"
    },
    "chunk-DTY6BQOK": {
      "file": "chunk-DTY6BQOK.js"
    },
    "chunk-BDT7LHSQ": {
      "file": "chunk-BDT7LHSQ.js"
    },
    "chunk-IGW2ROLF": {
      "file": "chunk-IGW2ROLF.js"
    },
    "chunk-UVETDSUB": {
      "file": "chunk-UVETDSUB.js"
    },
    "chunk-NJRFO2C5": {
      "file": "chunk-NJRFO2C5.js"
    },
    "chunk-636JCMZ5": {
      "file": "chunk-636JCMZ5.js"
    },
    "chunk-QJZL4ZFF": {
      "file": "chunk-QJZL4ZFF.js"
    },
    "chunk-3KKC7HMJ": {
      "file": "chunk-3KKC7HMJ.js"
    },
    "chunk-WDMUDEB6": {
      "file": "chunk-WDMUDEB6.js"
    }
  }
}