{
  "contacts": [
    {
      "nome": "Bruno Favalliergerg",
      "sobrenome": "ergeg",
      "apelido": null,
      "dataNascimento": "1992-03-09",
      "celular": "12982506065",
      "email": "bruno.favalli@email.com",
      "id": "3"
    },
    {
      "id": "4",
      "nome": "Gabriel Silva",
      "email": "gabrielsilva@email.com",
      "telefone": "75988931318",
      "dataNascimento": "1992-03-10",
      "whatsapp": "+5575988931318"
    },
    {
      "id": "5",
      "nome": "Rafael Yoshida",
      "email": "rafael@email.com",
      "telefone": "11999784706",
      "dataNascimento": "1992-03-10",
      "whatsapp": "+5511999784706"
    },
    {
      "id": "6",
      "nome": "Deltrano",
      "email": "deltrano@email.com",
      "telefone": "3829132190",
      "dataNascimento": "1996-03-10",
      "whatsapp": "+553829132190"
    }
  ]
}